{
    "courses": [
        {
            "id": 1,
            "description": "Learn the basics of Python programming, covering syntax, functions, and more to kickstart your coding journey.",
            "progress": 40,
            "rating": 4,
            "price": "19.99$",
            "detailLink": "course1.html"
        },
        {
            "id": 2,
            "description": "Explore advanced Java programming concepts, including data structures and algorithms to boost your skills.",
            "progress": 70,
            "rating": 5,
            "price": "29.99$",
            "detailLink": "course2.html"
        },
        {
            "id": 3,
            "description": "Master web development with HTML, CSS, and JavaScript, building responsive and interactive websites.",
            "progress": 60,
            "rating": 3,
            "price": "15.99$",
            "detailLink": "course3.html"
        },
        {
            "id": 4,
            "description": "Deep dive into C++ for high-performance applications, covering object-oriented programming and memory management.",
            "progress": 80,
            "rating": 5,
            "price": "24.99$",
            "detailLink": "course4.html"
        },
        {
            "id": 5,
            "description": "Learn how to build RESTful APIs with Spring Boot and Java, covering best practices and real-world applications.",
            "progress": 50,
            "rating": 4,
            "price": "18.99$",
            "detailLink": "course5.html"
        },
        {
            "id": 6,
            "description": "An introduction to cloud computing with AWS, covering key services, deployment strategies, and security best practices.",
            "progress": 90,
            "rating": 5,
            "price": "32.99$",
            "detailLink": "course6.html"
        },
        {
            "id": 7,
            "description": "Get started with Data Science and Machine Learning using Python, focusing on data analysis and model training.",
            "progress": 65,
            "rating": 4,
            "price": "27.99$",
            "detailLink": "course7.html"
        },
        {
            "id": 8,
            "description": "Develop mobile applications with Kotlin for Android, from basic concepts to publishing your app on Google Play.",
            "progress": 45,
            "rating": 3,
            "price": "22.99$",
            "detailLink": "course8.html"
        },
        {
            "id": 9,
            "description": "Learn full-stack web development with Node.js and React, building modern, scalable web applications.",
            "progress": 75,
            "rating": 5,
            "price": "34.99$",
            "detailLink": "course9.html"
        },
        {
            "id": 10,
            "description": "Understand the principles of database design, SQL queries, and optimization techniques with MySQL and PostgreSQL.",
            "progress": 55,
            "rating": 4,
            "price": "21.99$",
            "detailLink": "course10.html"
        },
        {
            "id": 11,
            "description": "A comprehensive guide to cybersecurity fundamentals, covering network security, encryption, and ethical hacking.",
            "progress": 60,
            "rating": 5,
            "price": "29.99$",
            "detailLink": "course11.html"
        },
        {
            "id": 12,
            "description": "Become proficient in Git and GitHub, managing source code and collaborating effectively in software projects.",
            "progress": 35,
            "rating": 3,
            "price": "9.99$",
            "detailLink": "course12.html"
        },
        {
            "id": 13,
            "description": "Master DevOps tools and techniques with Docker and Kubernetes, deploying scalable applications effortlessly.",
            "progress": 80,
            "rating": 4,
            "price": "26.99$",
            "detailLink": "course13.html"
        },
        {
            "id": 14,
            "description": "An introduction to artificial intelligence concepts, focusing on neural networks, NLP, and image processing.",
            "progress": 72,
            "rating": 5,
            "price": "35.99$",
            "detailLink": "course14.html"
        },
        {
            "id": 15,
            "description": "Learn ethical hacking and penetration testing, with practical examples and techniques to secure applications.",
            "progress": 68,
            "rating": 4,
            "price": "33.99$",
            "detailLink": "course15.html"
        },
        {
            "id": 16,
            "description": "Explore backend development with Django, building data-driven web applications using Python.",
            "progress": 50,
            "rating": 4,
            "price": "17.99$",
            "detailLink": "course16.html"
        },
        {
            "id": 17,
            "description": "Develop cross-platform mobile applications with Flutter, learning to code once and deploy everywhere.",
            "progress": 62,
            "rating": 3,
            "price": "25.99$",
            "detailLink": "course17.html"
        },
        {
            "id": 18,
            "description": "Learn how to use jQuery to create dynamic and interactive web pages, covering effects, events, and animations.",
            "progress": 45,
            "rating": 3,
            "price": "14.99$",
            "detailLink": "course18.html"
        },
        {
            "id": 19,
            "description": "A practical course on using TypeScript for large-scale JavaScript applications, ensuring safety and maintainability.",
            "progress": 78,
            "rating": 5,
            "price": "28.99$",
            "detailLink": "course19.html"
        },
        {
            "id": 20,
            "description": "Gain in-depth knowledge of network protocols, including TCP/IP, HTTP, and HTTPS, with a focus on real-world applications.",
            "progress": 82,
            "rating": 4,
            "price": "23.99$",
            "detailLink": "course20.html"
        }
    ]
}
